segment_id,rate_of_penetration
wellbore_chev_no_14_665,156.4549561231779
wellbore_chev_no_14_681,104.21769950544952
wellbore_chev_no_14_682,99.93624693675297
wellbore_chev_no_14_683,105.91913952163885
wellbore_chev_no_14_684,97.41179127170261
wellbore_chev_no_14_685,80.64961020266749
wellbore_chev_no_14_686,94.54501071732317
wellbore_chev_no_14_687,79.07958491994776
wellbore_chev_no_14_688,79.45298897104695
wellbore_chev_no_14_689,80.10726202650203
wellbore_chev_no_14_690,95.30697843908362
wellbore_chev_no_14_691,100.6314364309467
wellbore_chev_no_14_692,103.5822798365977
wellbore_chev_no_14_693,106.60013781279426
wellbore_chev_no_14_694,105.63649469049628
wellbore_chev_no_14_695,104.02239668553116
wellbore_chev_no_14_696,88.01557972890987
wellbore_chev_no_14_697,80.11673885843913
wellbore_chev_no_14_698,74.74187272787086
wellbore_chev_no_14_699,66.10853554874431
wellbore_chev_no_14_700,94.43520467759342
wellbore_chev_no_14_701,111.72281365112536
wellbore_chev_no_14_702,108.20203997455133
wellbore_chev_no_14_703,108.08386370502006
wellbore_chev_no_14_704,99.65526375797496
wellbore_chev_no_14_705,99.86782822866886
wellbore_chev_no_14_706,97.3578885697117
wellbore_chev_no_14_707,90.84015960500763
wellbore_chev_no_14_708,78.1355025844634
wellbore_chev_no_14_709,75.89959010470918
wellbore_chev_no_14_710,83.56244011923442
wellbore_chev_no_14_711,102.30313684351492
wellbore_chev_no_14_712,103.68883338900864
wellbore_chev_no_14_713,85.18851589730367
wellbore_chev_no_14_714,85.05642971566304
wellbore_chev_no_14_715,92.55347558724498
wellbore_chev_no_14_716,104.75441329972531
wellbore_chev_no_14_717,95.50185668146446
wellbore_chev_no_14_718,97.03127111031517
wellbore_chev_no_14_719,100.73541976931523
wellbore_chev_no_14_720,103.24334083529769
wellbore_chev_no_14_721,104.66645448539403
wellbore_chev_no_14_722,99.37383653077076
wellbore_chev_no_14_723,95.56427065997946
wellbore_chev_no_14_724,98.74677670695712
wellbore_chev_no_14_725,96.2358938724817
wellbore_chev_no_14_726,109.89562030351752
wellbore_chev_no_14_727,115.7127385659884
wellbore_chev_no_14_728,115.62551354541357
wellbore_chev_no_14_729,110.76313575827457
wellbore_chev_no_14_730,107.9479738847561
wellbore_chev_no_14_731,107.71644007127952
wellbore_chev_no_14_732,89.78484560350897
wellbore_chev_no_14_733,89.5809210429621
wellbore_chev_no_14_734,107.02648389416404
wellbore_chev_no_14_735,91.79564854480206
wellbore_chev_no_14_736,91.17578006851369
wellbore_chev_no_14_737,89.50955421790104
wellbore_chev_no_14_738,90.77861285887133
wellbore_chev_no_14_739,89.30666485804878
wellbore_chev_no_14_740,88.58928648565117
wellbore_chev_no_14_741,88.57651793096367
wellbore_chev_no_14_742,88.47841283669352
wellbore_chev_no_14_743,88.58820311162773
wellbore_chev_no_14_744,89.49695139670162
wellbore_chev_no_14_745,90.97072929442307
wellbore_chev_no_14_746,89.25845228959301
wellbore_chev_no_14_747,92.7960645738006
wellbore_chev_no_14_748,89.24908044911322
wellbore_chev_no_14_749,101.49560527756154
wellbore_chev_no_14_750,96.15829152939256
wellbore_chev_no_14_751,90.81431743441999
wellbore_chev_no_14_752,90.96341059781565
wellbore_chev_no_14_753,95.31171538211761
wellbore_chev_no_14_754,97.42043384118435
wellbore_chev_no_14_755,97.76198244559643
wellbore_chev_no_14_756,101.44197182313123
wellbore_chev_no_14_757,102.55641108073138
wellbore_chev_no_14_758,102.50091949399307
wellbore_chev_no_14_759,93.72976920404177
wellbore_chev_no_14_760,89.85088426090323
wellbore_chev_no_14_761,89.9333852029765
wellbore_chev_no_14_762,89.81613424429014
wellbore_chev_no_14_763,89.85362473941885
wellbore_chev_no_14_764,99.82769902080557
wellbore_chev_no_14_765,101.63382701235962
wellbore_chev_no_14_766,101.43254478374419
wellbore_chev_no_14_767,101.24878022095363
wellbore_chev_no_14_768,88.7392235612671
wellbore_chev_no_14_769,84.7447350011933
wellbore_chev_no_14_770,89.13512444093814
wellbore_chev_no_14_771,95.10078812800572
wellbore_chev_no_14_772,95.01048828045093
wellbore_chev_no_14_773,89.90445142272446
wellbore_chev_no_14_774,94.92989510693747
wellbore_chev_no_14_775,89.53336218918625
wellbore_chev_no_14_776,89.54149817551436
wellbore_chev_no_14_777,101.4051082914591
wellbore_chev_no_14_778,112.39710026302382
wellbore_chev_no_14_779,99.77194119563606
wellbore_chev_no_14_780,97.47668693239585
wellbore_chev_no_14_781,88.40740791119765
wellbore_chev_no_14_782,86.88673066496412
wellbore_chev_no_14_783,88.98908820904921
wellbore_chev_no_14_784,94.89043014639304
wellbore_chev_no_14_785,88.91326728619765
wellbore_chev_no_14_786,86.65645068979981
wellbore_chev_no_14_787,82.61639256530609
wellbore_chev_no_14_788,86.41609132988488
wellbore_chev_no_14_789,88.10360437463245
wellbore_chev_no_14_790,86.45020829262978
wellbore_chev_no_14_791,97.39089619784687
wellbore_chev_no_14_792,106.20377882076613
wellbore_chev_no_14_793,110.13083978707449
wellbore_chev_no_14_794,100.726629866884
wellbore_chev_no_14_795,100.29483582837915
wellbore_chev_no_14_796,105.83609817076169
wellbore_chev_no_14_797,98.05832255925506
wellbore_chev_no_14_798,66.64595977061359
wellbore_chev_no_14_799,67.26510828726944
wellbore_chev_no_14_800,91.58993604081944
wellbore_chev_no_14_801,115.03474101407895
wellbore_chev_no_14_802,58.72895620133395
wellbore_chev_no_14_803,51.83948846863662
wellbore_chev_no_14_804,47.88564123939966
wellbore_chev_no_14_805,72.37676571560208
wellbore_chev_no_14_806,73.61364979719508
wellbore_chev_no_14_807,70.27751228678719
wellbore_chev_no_14_808,74.24704018831876
wellbore_chev_no_14_809,74.20759358792705
wellbore_chev_no_14_810,74.22876890495851
wellbore_chev_no_14_811,66.26469324830468
wellbore_chev_no_14_812,75.13876818615437
wellbore_chev_no_14_813,73.63701250873785
wellbore_chev_no_14_814,73.62332036516351
wellbore_chev_no_14_815,67.4659315209927
wellbore_chev_no_14_816,75.40501485752691
wellbore_chev_no_14_817,65.70811808760473
wellbore_chev_no_14_818,70.3561374091893
wellbore_chev_no_14_819,74.2088415091508
wellbore_chev_no_14_820,73.79798529864033
wellbore_chev_no_14_821,74.57979066842337
wellbore_chev_no_14_822,75.03925521246714
wellbore_chev_no_14_823,71.98070121371534
wellbore_chev_no_14_824,71.56943347018517
wellbore_chev_no_14_825,70.59552111024472
wellbore_chev_no_14_826,81.27771657318485
wellbore_chev_no_14_827,76.17430956507829
wellbore_chev_no_14_828,75.57561348543564
wellbore_chev_no_14_829,76.09598063045111
wellbore_chev_no_14_830,75.78268393844026
wellbore_chev_no_14_831,74.1418996828031
wellbore_chev_no_14_832,74.22862158820436
wellbore_chev_no_14_833,74.74346389160522
wellbore_chev_no_14_834,80.7572884394851
wellbore_chev_no_14_835,78.91446735174306
wellbore_chev_no_14_836,78.77887696401703
wellbore_chev_no_14_837,80.07996375603749
wellbore_chev_no_14_838,87.90086806797925
wellbore_chev_no_14_839,89.151912559044
wellbore_chev_no_14_840,94.96820611087398
wellbore_chev_no_14_841,107.99688112600853
wellbore_chev_no_14_842,105.19906335417613
wellbore_chev_no_14_843,107.15089583853307
wellbore_chev_no_14_844,87.05558139416615
wellbore_chev_no_14_845,83.56750784044013
wellbore_chev_no_14_846,73.83533669898303
wellbore_chev_no_14_847,74.96923819334963
wellbore_chev_no_14_848,74.989056308584
wellbore_chev_no_14_849,77.12427989099533
wellbore_chev_no_14_850,82.4946531397812
wellbore_chev_no_14_851,79.79168602653752
wellbore_chev_no_14_852,83.73227817945802
wellbore_chev_no_14_853,66.09105135932776
wellbore_chev_no_14_854,63.43268656065954
wellbore_chev_no_14_855,62.436879172170464
wellbore_chev_no_14_856,99.55736235026939
wellbore_chev_no_14_857,101.31764492037306
wellbore_chev_no_14_858,100.87189331161383
wellbore_chev_no_14_859,101.5689054166462
wellbore_chev_no_14_860,85.36337421915404
wellbore_chev_no_14_861,77.18081241990305
wellbore_chev_no_14_862,76.8207554477595
wellbore_chev_no_14_863,64.82301099415646
wellbore_chev_no_14_864,86.68522176362208
wellbore_chev_no_14_865,87.75424918304049
wellbore_chev_no_14_866,86.45206136323146
wellbore_chev_no_14_867,82.61382515312893
wellbore_chev_no_14_868,83.50092539968617
wellbore_chev_no_14_869,84.02468006819063
wellbore_chev_no_14_870,85.67392663176194
wellbore_chev_no_14_871,95.63926046815817
wellbore_chev_no_14_872,97.46215223193303
wellbore_chev_no_14_873,131.40237821262542
wellbore_chev_no_14_874,131.38611844700043
wellbore_chev_no_14_875,130.14771512668793
wellbore_chev_no_14_876,109.09847414545348
wellbore_chev_no_14_877,109.46156008295347
wellbore_chev_no_14_878,103.38741617956589
wellbore_chev_no_14_879,102.85666666784715
wellbore_chev_no_14_880,84.72148250652259
wellbore_chev_no_14_881,117.93179328878087
wellbore_chev_no_14_882,117.87976176604525
wellbore_chev_no_14_883,118.58217170674962
wellbore_chev_no_14_884,117.79219973139098
wellbore_chev_no_14_885,74.85458089708892
wellbore_chev_no_14_886,104.41282806441254
wellbore_chev_no_14_887,84.53665967934195
wellbore_chev_no_14_888,86.50767466047694
wellbore_chev_no_14_889,87.07302740282337
wellbore_chev_no_14_890,87.7866089482443
wellbore_chev_no_14_891,76.07183112313828
wellbore_chev_no_14_892,77.06138230459982
wellbore_chev_no_14_893,75.11481268962278
wellbore_chev_no_14_894,105.08113027152596
wellbore_chev_no_14_895,105.16559987601815
wellbore_chev_no_14_896,105.14626088676034
wellbore_chev_no_14_897,95.6241119831387
wellbore_chev_no_14_898,105.5381534221874
wellbore_chev_no_14_899,120.73784214289054
wellbore_chev_no_14_900,120.25773944652141
wellbore_chev_no_14_901,82.102600920475
wellbore_chev_no_14_902,86.0147250050195
wellbore_chev_no_14_903,87.09067659696319
wellbore_chev_no_14_904,87.121908281677
wellbore_chev_no_14_905,87.71690086202733
wellbore_chev_no_14_906,84.43717753627172
wellbore_chev_no_14_907,81.86044786219941
wellbore_chev_no_14_908,79.04199157204526
wellbore_chev_no_14_909,79.07497497048277
wellbore_chev_no_14_910,79.08345021566572
wellbore_chev_no_14_911,78.66246702077963
wellbore_chev_no_14_912,79.09178710427182
wellbore_chev_no_14_913,76.56784759011167
wellbore_chev_no_14_914,74.29125009614512
wellbore_chev_no_14_915,73.66348989239634
wellbore_chev_no_14_916,79.42322936501401
wellbore_chev_no_14_917,77.66204350805835
wellbore_chev_no_14_918,75.35914944852271
wellbore_chev_no_14_919,74.91146099665058
wellbore_chev_no_14_920,74.87297833063495
wellbore_chev_no_14_921,73.83225502836987
wellbore_chev_no_14_922,76.13964495374057
wellbore_chev_no_14_923,76.4518106979016
wellbore_chev_no_14_924,77.86592672100963
wellbore_chev_no_14_925,78.02004305571114
wellbore_chev_no_14_926,76.48499856411254
wellbore_chev_no_14_927,73.92515228415618
wellbore_chev_no_14_928,73.7344465184562
wellbore_chev_no_14_929,76.15273958891427
wellbore_chev_no_14_930,76.1791647598127
wellbore_chev_no_14_931,80.85526082745494
wellbore_chev_no_14_932,79.13987894633163
wellbore_chev_no_14_933,80.17257612554984
wellbore_chev_no_14_934,80.80178569727974
wellbore_chev_no_14_935,78.07377715066417
wellbore_chev_no_14_936,78.4514719117156
wellbore_chev_no_14_937,78.77051364946358
wellbore_chev_no_14_938,78.71223728227608
wellbore_chev_no_14_939,81.59556844464245
wellbore_chev_no_14_940,83.16275809218327
wellbore_chev_no_14_941,81.25683392775093
wellbore_chev_no_14_942,80.16179303419625
wellbore_chev_no_14_943,79.99379676556656
wellbore_chev_no_14_944,79.82095363853736
wellbore_chev_no_14_945,79.66819979399239
wellbore_chev_no_14_946,79.78166414946114
wellbore_chev_no_14_947,80.30223947602792
wellbore_chev_no_14_948,79.31365329790108
wellbore_chev_no_14_949,83.56620847585776
wellbore_chev_no_14_950,83.56073362234213
wellbore_chev_no_14_951,76.2700506389437
wellbore_chev_no_14_952,79.82530576589681
wellbore_chev_no_14_953,78.70909034083249
wellbore_chev_no_14_954,83.81598291617371
wellbore_chev_no_14_955,82.67869860278279
wellbore_chev_no_14_956,82.14015142410767
wellbore_chev_no_14_957,80.07582934258929
wellbore_chev_no_14_958,79.73268838344848
wellbore_chev_no_14_959,82.63820788012654
wellbore_chev_no_14_960,81.12759053936901
wellbore_chev_no_14_961,80.73293125200264
wellbore_chev_no_14_962,81.17595736235177
wellbore_chev_no_16_732,71.37225395583269
wellbore_chev_no_16_733,71.42560926764553
wellbore_chev_no_16_734,71.50182570369444
wellbore_chev_no_16_735,72.35389979419844
wellbore_chev_no_16_736,70.49172802522594
wellbore_chev_no_16_737,82.1112252362594
wellbore_chev_no_16_738,85.40882055204504
wellbore_chev_no_16_739,75.94761196355391
wellbore_chev_no_16_740,84.70898439131484
wellbore_chev_no_16_741,84.63498920484768
wellbore_chev_no_16_742,84.14557399861562
wellbore_chev_no_16_743,78.40594785540273
wellbore_chev_no_16_744,79.87783180567234
wellbore_chev_no_16_745,78.88028437350277
wellbore_chev_no_16_746,83.48027767940658
wellbore_chev_no_16_747,83.04057270974187
wellbore_chev_no_16_748,81.98600261786127
wellbore_chev_no_16_749,81.73419584559997
wellbore_chev_no_16_750,82.08867595770502
wellbore_chev_no_16_751,82.09363506415033
wellbore_chev_no_16_752,81.84536000288495
wellbore_chev_no_16_753,81.21205783803038
wellbore_chev_no_16_754,83.82798426551182
wellbore_chev_no_16_755,77.81790656240797
wellbore_chev_no_16_756,79.64682663438896
wellbore_chev_no_16_757,81.87210441495408
wellbore_chev_no_16_758,83.43444338772898
wellbore_chev_no_16_759,75.11545303819756
wellbore_chev_no_16_760,74.12259410031395
wellbore_chev_no_16_761,78.7234920360873
wellbore_chev_no_16_762,80.41367549440402
wellbore_chev_no_16_763,79.84717099679061
wellbore_chev_no_16_764,71.1823997964023
wellbore_chev_no_16_765,69.91318467820989
wellbore_chev_no_16_766,71.1793983925937
wellbore_chev_no_16_767,80.33584375109189
wellbore_chev_no_16_768,76.90451267078981
wellbore_chev_no_16_769,75.9488325853556
wellbore_chev_no_16_770,70.42984269822942
wellbore_chev_no_16_771,64.64251303067599
wellbore_chev_no_16_772,79.50971641937471
wellbore_chev_no_16_773,79.81516851634304
wellbore_chev_no_16_774,72.59444177899387
wellbore_chev_no_16_775,63.99006428920886
wellbore_chev_no_16_776,64.54686773083931
wellbore_chev_no_16_777,64.65203893445259
wellbore_chev_no_16_778,70.40169480051155
wellbore_chev_no_16_779,57.859636379749986
wellbore_chev_no_16_780,59.19908733041948
wellbore_chev_no_16_781,67.69729364165127
wellbore_chev_no_16_782,65.99182293464636
wellbore_chev_no_16_783,57.86947934294997
wellbore_chev_no_16_784,58.9299797498114
wellbore_chev_no_16_785,69.878513572601
wellbore_chev_no_16_786,60.76054763081754
wellbore_chev_no_16_787,63.10843655421769
wellbore_chev_no_16_788,86.49108412622827
wellbore_chev_no_16_789,86.79421344809893
wellbore_chev_no_16_790,86.69538532309893
wellbore_chev_no_16_791,77.69672521653992
wellbore_chev_no_16_792,73.2949729285231
wellbore_chev_no_16_793,74.64099896401035
wellbore_chev_no_16_794,77.53475404455713
wellbore_chev_no_16_795,75.58418604424634
wellbore_chev_no_16_796,76.32126033145478
wellbore_chev_no_16_797,74.98048216364376
wellbore_chev_no_16_798,71.80625995698719
wellbore_chev_no_16_799,70.2502688079182
wellbore_chev_no_16_800,65.81664664313772
wellbore_chev_no_16_801,54.28516896540114
wellbore_chev_no_16_802,56.29224840422655
wellbore_chev_no_16_803,57.381939233577185
wellbore_chev_no_16_804,61.5995524822133
wellbore_chev_no_16_805,61.97208950973022
wellbore_chev_no_16_806,61.3943825393756
wellbore_chev_no_16_807,61.898005037073965
wellbore_chev_no_16_808,64.96751269379726
wellbore_chev_no_16_809,53.34189437261378
wellbore_chev_no_16_810,50.58894428197803
wellbore_chev_no_16_811,51.083492316645994
wellbore_chev_no_16_812,51.479515113276854
wellbore_chev_no_16_813,51.603887977046384
wellbore_chev_no_16_814,52.956405605009564
wellbore_chev_no_16_815,56.71360498591228
wellbore_chev_no_16_816,72.55448520855572
wellbore_chev_no_16_817,72.40184988404833
wellbore_chev_no_16_818,64.52545023892527
wellbore_chev_no_16_819,68.95335305379072
wellbore_chev_no_16_820,50.363285189503415
wellbore_chev_no_16_821,59.58752369577624
wellbore_chev_no_16_822,52.603550598587205
wellbore_chev_no_16_823,47.97192310277881
wellbore_chev_no_16_824,49.50251739887585
wellbore_chev_no_16_825,55.72976016042231
wellbore_chev_no_16_826,50.542976150319404
wellbore_chev_no_16_827,48.119764592763175
wellbore_chev_no_16_828,47.99388263475536
wellbore_chev_no_16_829,65.66430325203149
wellbore_chev_no_16_830,51.34348077338558
wellbore_chev_no_16_831,49.43709987419011
wellbore_chev_no_16_832,49.79836493157186
wellbore_chev_no_16_833,50.06322143354933
wellbore_chev_no_16_834,46.99536265156141
wellbore_chev_no_16_835,46.738174996965604
wellbore_chev_no_16_836,45.11021223042101
wellbore_chev_no_16_837,45.8206229787949
wellbore_chev_no_16_838,46.149846993077134
wellbore_chev_no_16_839,46.466120525696056
wellbore_chev_no_16_840,46.55823180834584
wellbore_chev_no_16_841,48.291008084900405
wellbore_chev_no_16_842,48.0770199347514
wellbore_chev_no_16_843,46.24937661901235
wellbore_chev_no_16_844,45.86967998563084
wellbore_chev_no_16_845,50.988932153386344
wellbore_chev_no_16_846,50.193720015126104
wellbore_chev_no_16_847,49.147920951797076
wellbore_chev_no_16_848,46.2943539199655
wellbore_chev_no_16_849,54.93139933040504
wellbore_chev_no_16_850,52.74965050700367
wellbore_chev_no_16_851,53.493171276513934
wellbore_chev_no_16_852,49.99881886784801
wellbore_chev_no_16_853,51.2588478587872
wellbore_chev_no_16_854,50.81361456478923
wellbore_chev_no_16_855,46.22100349306223
wellbore_chev_no_16_856,45.46613602754691
wellbore_chev_no_16_857,56.771417198765604
wellbore_chev_no_16_858,55.215434123250034
wellbore_chev_no_19_158,71.6466308400976
wellbore_chev_no_19_159,70.98278955512224
wellbore_chev_no_19_160,71.58980863550775
wellbore_chev_no_19_161,66.6152885984682
wellbore_chev_no_19_162,66.68975606672991
wellbore_chev_no_19_163,67.07067495100725
wellbore_chev_no_19_164,66.6702783082598
wellbore_chev_no_19_166,66.70435415022601
wellbore_chev_no_19_167,67.19648519270648
wellbore_chev_no_19_168,66.5685356687807
wellbore_chev_no_19_169,66.23214503109696
wellbore_chev_no_19_170,66.74453054182757
wellbore_chev_no_19_171,66.95845266096819
wellbore_chev_no_19_172,67.04164357893694
wellbore_chev_no_19_173,66.17139674008133
wellbore_chev_no_19_174,66.6131935667299
wellbore_chev_no_19_175,67.54338714568621
wellbore_chev_no_19_176,67.8314810644245
wellbore_chev_no_19_177,66.36809168637039
wellbore_chev_no_19_178,67.02630849592913
wellbore_chev_no_19_179,67.30309478728778
wellbore_chev_no_19_180,67.4508303829909
wellbore_chev_no_19_181,67.57937805144793
wellbore_chev_no_19_182,66.78623281233538
wellbore_chev_no_19_183,66.69782338850726
wellbore_chev_no_19_184,67.65748016326434
wellbore_chev_no_19_185,54.02933622668601
wellbore_chev_no_19_186,66.75407338850725
wellbore_chev_no_19_187,66.79864278547991
wellbore_chev_no_19_188,66.2594521600032
wellbore_chev_no_19_189,66.78797689192523
wellbore_chev_no_19_190,67.09055257551897
wellbore_chev_no_19_191,67.08962178938616
wellbore_chev_no_19_192,67.35069000213153
wellbore_chev_no_19_193,52.34513291904265
wellbore_chev_no_19_194,68.6283179982581
wellbore_chev_no_19_195,67.08919912092912
wellbore_chev_no_19_196,67.58683349578386
wellbore_chev_no_19_197,67.25434194319476
wellbore_chev_no_19_198,67.53123809783465
wellbore_chev_no_19_199,67.39392730681902
wellbore_chev_no_19_200,67.94080418454169
wellbore_chev_no_19_201,67.60489074676043
wellbore_chev_no_19_202,52.53259282954758
wellbore_chev_no_19_203,68.4869949870982
wellbore_chev_no_19_204,66.91491933577288
wellbore_chev_no_19_205,67.91377934323309
wellbore_chev_no_19_206,67.14092946760881
wellbore_chev_no_19_207,67.61107055633074
wellbore_chev_no_19_208,67.62166168181902
wellbore_chev_no_19_209,67.76154663054949
wellbore_chev_no_19_210,67.95588749752997
wellbore_chev_no_19_211,63.579380007431126
wellbore_chev_no_19_212,68.91941114845923
wellbore_chev_no_19_213,67.77720402585028
wellbore_chev_no_19_214,55.026317464170845
wellbore_chev_no_19_215,67.76710235564715
wellbore_chev_no_19_216,67.72717198239324
wellbore_chev_no_19_217,67.46156646697527
wellbore_chev_no_19_218,68.4361114683168
wellbore_chev_no_19_219,59.935095371158155
wellbore_chev_no_19_220,54.807520543558134
wellbore_chev_no_19_221,53.645221504090934
wellbore_chev_no_19_222,60.82552951526212
wellbore_chev_no_19_223,54.19802570953375
wellbore_chev_no_19_224,68.55292211112165
wellbore_chev_no_19_225,68.463742204597
wellbore_chev_no_19_226,65.76097611775744
wellbore_chev_no_19_227,61.07119127612532
wellbore_chev_no_19_228,60.919850193973055
wellbore_chev_no_19_229,52.27434105719437
wellbore_chev_no_19_230,68.1011587987995
wellbore_chev_no_19_231,64.17481842183834
wellbore_chev_no_19_232,61.16023035353704
wellbore_chev_no_19_233,61.29899229241748
wellbore_chev_no_19_234,55.617059423018496
wellbore_chev_no_19_235,61.058953727297194
wellbore_chev_no_19_236,65.57722892952489
wellbore_chev_no_19_237,61.88145177501433
wellbore_chev_no_19_238,60.218523603585616
wellbore_chev_no_19_239,68.75596082052373
wellbore_chev_no_19_240,60.700344038265136
wellbore_chev_no_19_241,68.19081995983649
wellbore_chev_no_19_242,68.6052567058482
wellbore_chev_no_19_243,68.08143681393622
wellbore_chev_no_19_244,67.99948490963934
wellbore_chev_no_19_245,60.20444126715984
wellbore_chev_no_19_246,57.34237864836802
wellbore_chev_no_19_247,57.91518757059773
wellbore_chev_no_19_248,64.2722183716278
wellbore_chev_no_19_249,53.9502093529753
wellbore_chev_no_19_250,53.971924135690145
wellbore_chev_no_19_251,68.92846272430273
wellbore_chev_no_19_252,68.82413679837248
wellbore_chev_no_19_253,67.63775817840106
wellbore_chev_no_19_254,67.47118459456195
wellbore_chev_no_19_255,69.03345228615456
wellbore_chev_no_19_256,53.79611994329996
wellbore_chev_no_19_257,66.88188710921038
wellbore_chev_no_19_258,67.75818511931902
wellbore_chev_no_19_259,68.12043217526434
wellbore_chev_no_19_260,52.28246337910072
wellbore_chev_no_19_261,68.05257328854559
wellbore_chev_no_19_262,66.94726033919085
wellbore_chev_no_19_263,67.61700775115496
wellbore_chev_no_19_264,68.24813654919194
wellbore_chev_no_19_265,53.77014673602453
wellbore_chev_no_19_266,67.71259643523699
wellbore_chev_no_19_267,67.55150787322528
wellbore_chev_no_19_268,45.57677771273968
wellbore_chev_no_19_269,59.33798797039081
wellbore_chev_no_19_270,59.792158197441594
wellbore_chev_no_19_271,59.761593317070506
wellbore_chev_no_19_272,59.34094970134785
wellbore_chev_no_19_273,59.446087335625194
wellbore_chev_no_19_274,59.491573022881056
wellbore_chev_no_19_275,59.73181273845722
wellbore_chev_no_19_276,58.955068658867376
wellbore_chev_no_19_277,58.995062707939645
wellbore_chev_no_19_278,59.328446649590035
wellbore_chev_no_19_279,59.74211242107441
wellbore_chev_no_19_280,59.42865264324238
wellbore_chev_no_19_281,58.7041928043752
wellbore_chev_no_19_282,58.84955809585708
wellbore_chev_no_19_283,59.524709772148626
wellbore_chev_no_19_284,59.75238006023457
wellbore_chev_no_19_285,58.83905369648875
wellbore_chev_no_19_286,59.19094512371113
wellbore_chev_no_19_287,59.4895756386208
wellbore_chev_no_19_288,59.77323500141377
wellbore_chev_no_19_289,59.48055845722432
wellbore_chev_no_19_290,58.79237715229267
wellbore_chev_no_19_291,59.36235624775166
wellbore_chev_no_19_292,59.532503952829785
wellbore_chev_no_19_293,59.793743667726986
wellbore_chev_no_19_294,58.93166633618401
wellbore_chev_no_19_295,59.096756515627376
wellbore_chev_no_19_296,59.34202476513909
wellbore_chev_no_19_297,59.60469871533441
wellbore_chev_no_19_298,59.42143455517815
wellbore_chev_no_19_299,59.07840019238519
wellbore_chev_no_19_300,59.41132102978753
wellbore_chev_no_19_301,59.70739341748284
wellbore_chev_no_19_302,59.84340415967034
wellbore_chev_no_19_303,58.75135551465081
wellbore_chev_no_19_304,59.03396049511956
wellbore_chev_no_19_305,59.34208885205315
wellbore_chev_no_19_306,56.22090199495611
wellbore_chev_no_19_307,56.187081260202525
wellbore_chev_no_19_308,55.05343257938709
wellbore_chev_no_19_309,59.181715826930386
wellbore_chev_no_19_310,59.55015759939132
wellbore_chev_no_19_311,58.74751224168311
wellbore_chev_no_19_312,56.07115337323964
wellbore_chev_no_19_313,56.93220284901401
wellbore_chev_no_19_314,57.282694449130055
wellbore_chev_no_19_315,58.192209207180916
wellbore_chev_no_19_316,60.606488991006486
wellbore_chev_no_19_317,54.32820352738287
wellbore_chev_no_19_318,57.14134236783123
wellbore_chev_no_19_319,57.43099660156503
wellbore_chev_no_19_320,57.663163927216345
wellbore_chev_no_19_321,56.26806068912532
wellbore_chev_no_19_322,57.12764608408915
wellbore_chev_no_19_323,56.35427667180447
wellbore_chev_no_19_324,60.637635384897145
wellbore_chev_no_19_325,57.51220847886697
wellbore_chev_no_19_326,58.922229237491536
wellbore_chev_no_19_327,53.903865922625855
wellbore_chev_no_19_328,60.77576619429378
wellbore_chev_no_19_329,60.15891456442649
wellbore_chev_no_19_330,57.69774782892359
wellbore_chev_no_19_331,58.538137471822154
wellbore_chev_no_19_332,58.33284897545918
wellbore_chev_no_19_333,55.58748138193897
wellbore_chev_no_19_334,57.43613328967395
wellbore_chev_no_19_335,57.66159300976939
wellbore_chev_no_19_336,55.51566894297412
wellbore_chev_no_19_337,55.013290481040514
wellbore_chev_no_19_338,59.11269698214429
wellbore_chev_no_19_339,57.52011873956812
wellbore_chev_no_19_340,57.45468291282973
wellbore_chev_no_19_341,58.443927619258005
wellbore_chev_no_19_342,54.514554539823656
wellbore_chev_no_19_343,57.86194155450953
wellbore_chev_no_19_344,58.83001560741215
wellbore_chev_no_19_345,59.303423166645466
wellbore_chev_no_19_346,53.85300141110175
wellbore_chev_no_19_347,59.15382704806226
wellbore_chev_no_19_348,58.11775983109714
wellbore_chev_no_19_349,59.149017477749766
wellbore_chev_no_19_350,60.61993444708633
wellbore_chev_no_19_351,60.66511572150039
wellbore_chev_no_19_352,57.909535343792456
wellbore_chev_no_19_353,55.714649748767826
wellbore_chev_no_19_354,54.14534829962356
wellbore_chev_no_19_355,60.425352742764346
wellbore_chev_no_19_356,56.846646878031194
wellbore_chev_no_19_357,57.625266743043085
wellbore_chev_no_19_358,57.7561464101265
wellbore_chev_no_19_359,55.63777587656787
wellbore_chev_no_19_360,55.10370399452967
wellbore_chev_no_19_361,57.670086839814
wellbore_chev_no_19_362,55.10024940468591
wellbore_chev_no_19_363,59.87278151960432
wellbore_chev_no_19_364,61.080469646464536
wellbore_chev_no_19_365,56.62099945321414
wellbore_chev_no_19_366,57.634716803628315
wellbore_chev_no_19_367,58.54682937051707
wellbore_chev_no_19_368,58.54850020791941
wellbore_chev_no_19_369,58.507830957431125
wellbore_chev_no_19_370,56.63815833271836
wellbore_chev_no_19_371,57.59572144230019
wellbore_chev_no_19_372,57.62514038761269
wellbore_chev_no_19_373,55.71412199428201
wellbore_chev_no_19_374,56.26177901325243
wellbore_chev_no_19_375,58.50834212686472
wellbore_chev_no_19_376,57.80582929471986
wellbore_chev_no_19_377,55.9485427706492
wellbore_chev_no_19_378,55.21085760736099
wellbore_chev_no_19_379,57.88100937354376
wellbore_chev_no_19_380,58.567799524325665
wellbore_chev_no_19_381,55.85696104457498
wellbore_chev_no_19_382,55.83540953090311
wellbore_chev_no_19_383,56.58585425556993
wellbore_chev_no_19_384,57.54498062809121
wellbore_chev_no_19_385,57.74059143741738
wellbore_chev_no_19_386,58.62509017373972
wellbore_chev_no_19_387,55.79613493373513
wellbore_chev_no_19_388,76.19036026355761
wellbore_chev_no_19_389,75.54207240550869
wellbore_chev_no_19_390,78.11998011900266
wellbore_chev_no_19_391,79.60073952567065
wellbore_chev_no_19_392,94.50709584486447
wellbore_chev_no_19_393,127.23886088390219
wellbore_chev_no_19_394,127.46518635066602
wellbore_chev_no_19_395,101.9241029852726
wellbore_chev_no_19_396,174.12899868909557
wellbore_chev_no_19_397,178.0342838745029
wellbore_chev_no_19_398,195.30758973045295
wellbore_chev_no_19_399,201.2400573112697
wellbore_chev_no_19_400,210.2192676024772
wellbore_chev_no_19_401,211.47999758294594
wellbore_chev_no_19_402,211.03299315432514
wellbore_chev_no_19_403,209.89616126224217
wellbore_chev_no_19_404,211.05249915449173
wellbore_chev_no_19_405,211.80074744550737
wellbore_chev_no_19_406,212.895165846565
wellbore_chev_no_19_407,213.88297712586186
wellbore_chev_no_19_408,209.0558554133837
wellbore_chev_no_19_409,216.80360700867436
wellbore_chev_no_19_410,218.64219648423116
wellbore_chev_no_19_411,218.46607343735616
wellbore_chev_no_19_412,214.2104215818874
wellbore_chev_no_19_413,217.59683515610615
wellbore_chev_no_19_414,218.9888639646999
wellbore_chev_no_19_415,218.4870329100124
wellbore_chev_no_19_416,218.15950605454367
wellbore_chev_no_19_417,211.32131706276076
wellbore_chev_no_19_418,217.58630729713576
wellbore_chev_no_19_419,221.63359390192159
wellbore_chev_no_19_420,221.5343019097341
wellbore_chev_no_19_421,216.8211610405935
wellbore_chev_no_19_422,219.4353028862966
wellbore_chev_no_19_423,220.3995362847341
wellbore_chev_no_19_424,221.41835952692162
wellbore_chev_no_19_425,217.81337905817162
wellbore_chev_no_19_426,211.04647598037513
wellbore_chev_no_19_427,216.2854005425466
wellbore_chev_no_19_428,215.1069256856929
wellbore_chev_no_19_429,215.753626147933
wellbore_chev_no_19_430,214.16641337252696
wellbore_chev_no_19_431,220.47495135511542
wellbore_chev_no_19_432,220.07823504652168
wellbore_chev_no_19_433,219.43576678480292
wellbore_chev_no_19_434,214.57927264417793
wellbore_chev_no_19_435,217.7772462769904
wellbore_chev_no_19_436,220.2545411988654
wellbore_chev_no_19_437,221.55245379652166
wellbore_chev_no_19_438,221.30711688245918
wellbore_chev_no_19_439,213.06786600924568
wellbore_chev_no_19_440,214.76683367933418
wellbore_chev_no_19_441,215.7009462281623
wellbore_chev_no_19_442,217.5114992066779
wellbore_chev_no_19_443,202.33184337240155
wellbore_chev_no_19_444,201.0472128605162
wellbore_chev_no_19_445,219.51458221360681
wellbore_chev_no_19_446,221.18259979173183
wellbore_chev_no_19_447,220.86729217454433
wellbore_chev_no_19_448,215.06524833258084
wellbore_chev_no_19_449,222.04497772141931
wellbore_chev_no_19_450,221.99599090501306
wellbore_chev_no_19_451,222.01679168626305
wellbore_chev_no_19_452,216.27934051438808
wellbore_chev_no_19_453,205.72527968277484
wellbore_chev_no_19_454,208.71058852066545
wellbore_chev_no_19_455,210.4943381678214
wellbore_chev_no_19_456,210.5875327478995
wellbore_chev_no_19_457,205.91417263713953
wellbore_chev_no_19_458,211.07613748422764
wellbore_chev_no_19_459,211.7512961756339
wellbore_chev_no_19_460,212.1134543787589
wellbore_chev_no_19_461,207.0954856287589
wellbore_chev_no_19_462,208.99679788461827
wellbore_chev_no_19_463,209.009236849462
wellbore_chev_no_19_464,208.8700461756339
wellbore_chev_no_19_465,210.52353738657138
wellbore_chev_no_19_466,203.45955789275934
wellbore_chev_no_19_467,209.4906272303214
wellbore_chev_no_19_468,210.5985190760245
wellbore_chev_no_19_469,211.4678977381339
wellbore_chev_no_19_470,205.19997865202976
wellbore_chev_no_19_471,210.62567972055575
wellbore_chev_no_19_472,212.38338846079014
wellbore_chev_no_19_473,212.9061642635852
wellbore_chev_no_19_474,210.30366634896257
wellbore_chev_no_19_475,206.66820492318135
wellbore_chev_no_19_476,210.11882502744066
wellbore_chev_no_19_477,210.53898493955006
wellbore_chev_no_19_478,210.5335039587786
wellbore_chev_no_19_479,202.0538429646382
wellbore_chev_no_19_480,204.7304801634998
wellbore_chev_no_19_481,204.5519157103748
wellbore_chev_no_19_482,206.55410687248417
wellbore_chev_no_19_483,205.6327262572498
wellbore_chev_no_19_484,205.59161777228053
wellbore_chev_no_19_485,209.81381015509305
wellbore_chev_no_19_486,211.94776333602016
wellbore_chev_no_19_487,204.84622612121402
wellbore_chev_no_19_488,197.7802717351783
wellbore_chev_no_19_489,201.97826705482916
wellbore_chev_no_19_490,204.2720780899854
wellbore_chev_no_19_491,205.7631913712354
wellbore_chev_no_19_492,200.38111605914526
wellbore_chev_no_19_493,201.7505801704734
wellbore_chev_no_19_494,201.6168155220359
wellbore_chev_no_19_495,201.68614296893028
wellbore_chev_no_19_496,205.54009194353966
wellbore_chev_no_19_497,194.4406153892093
wellbore_chev_no_19_498,198.5440225380628
wellbore_chev_no_19_499,201.3797843285418
wellbore_chev_no_19_500,203.98827130334067
wellbore_chev_no_19_501,199.55752789513753
wellbore_chev_no_19_502,148.82743598590127
wellbore_chev_no_19_503,148.6895742004886
wellbore_chev_no_19_504,202.3033408834188
wellbore_chev_no_19_505,202.45365216271566
wellbore_chev_no_19_506,195.88295862384103
wellbore_chev_no_19_507,196.07448956505942
wellbore_chev_no_19_508,196.6143577291219
wellbore_chev_no_19_509,198.38356600052393
wellbore_chev_no_19_510,198.20603736621564
wellbore_chev_no_19_511,198.84197846661257
wellbore_chev_no_19_512,200.86806489239382
wellbore_chev_no_19_513,203.6496505857532
wellbore_chev_no_19_514,204.17576752911256
wellbore_chev_no_19_515,197.71357599247784
wellbore_chev_no_19_516,197.00856047596452
wellbore_chev_no_19_517,198.98733979473758
wellbore_chev_no_19_518,200.78195649395633
wellbore_chev_no_19_519,199.4100579156647
wellbore_chev_no_19_520,199.3298821344147
wellbore_chev_no_19_521,198.8365803378942
wellbore_chev_no_19_522,200.19150849590943
wellbore_chev_no_19_523,197.56848932255596
wellbore_chev_no_19_524,199.0183273435657
wellbore_chev_no_19_525,199.33724213848757
wellbore_chev_no_19_526,200.42783639515318
wellbore_chev_no_19_527,203.36042916859066
wellbore_chev_no_19_528,197.50985262219032
wellbore_chev_no_19_529,198.20418875471603
wellbore_chev_no_19_530,200.2675397642938
wellbore_chev_no_19_531,202.84433419788755
wellbore_chev_no_19_532,202.95450108542565
wellbore_chev_no_19_533,197.52985246842601
wellbore_chev_no_19_534,198.84482701316003
wellbore_chev_no_19_535,197.9169214119061
wellbore_chev_no_19_536,198.95232790604672
wellbore_chev_no_19_537,196.19768396642695
wellbore_chev_no_19_538,197.69657839432796
wellbore_chev_no_19_539,199.50890749589047
wellbore_chev_no_19_540,202.06257570878108
wellbore_chev_no_19_541,198.12229120995602
wellbore_chev_no_19_542,199.2330100863951
wellbore_chev_no_19_543,197.3005960676772
wellbore_chev_no_19_544,200.83362169716946
wellbore_chev_no_19_545,205.2213475272476
wellbore_chev_no_19_546,190.84169959173238
wellbore_chev_no_19_547,192.13319962606732
wellbore_chev_no_19_548,194.5669021426408
wellbore_chev_no_19_549,198.4787513606633
wellbore_chev_no_19_550,190.6751943759163
wellbore_chev_no_19_551,192.24816190521318
wellbore_chev_no_19_552,197.26815288682602
wellbore_chev_no_19_553,197.19649070696335
wellbore_chev_no_19_554,199.3536806483696
wellbore_chev_no_19_555,190.36571863404026
wellbore_chev_no_19_556,194.8070288575418
wellbore_chev_no_19_557,195.02869285540083
wellbore_chev_no_19_558,198.04934620674726
wellbore_chev_no_19_559,193.6746668771438
wellbore_chev_no_19_560,191.64915677123489
wellbore_chev_no_19_561,194.31931653296888
wellbore_chev_no_19_562,202.45459423935915
wellbore_chev_no_19_563,192.92061682692798
wellbore_chev_no_19_564,172.40020638352024
wellbore_chev_no_19_565,196.71237406341208
wellbore_chev_no_19_566,198.8106709456572
wellbore_chev_no_19_567,200.27561151613634
wellbore_chev_no_19_568,178.20228416482001
wellbore_chev_no_19_569,177.83470243627676
wellbore_chev_no_19_570,195.7574748824838
wellbore_chev_no_19_571,197.01420095670255
wellbore_chev_no_19_572,195.90301788135167
wellbore_chev_no_19_573,172.10139977141876
wellbore_chev_no_19_574,173.55093987112863
wellbore_chev_no_19_575,176.0143346801991
wellbore_chev_no_19_576,192.62739065396818
wellbore_chev_no_19_577,175.6956145608305
wellbore_chev_no_19_578,178.80379930961863
wellbore_chev_no_19_579,188.65711176049442
wellbore_chev_no_19_580,190.06822902655696
wellbore_chev_no_19_581,185.90253560711113
wellbore_chev_no_19_582,166.86275043057023
wellbore_chev_no_19_583,168.1120757545577
wellbore_chev_no_19_584,167.93984848099058
wellbore_chev_no_19_585,168.66682428971396
wellbore_chev_no_19_586,169.75996345049785
wellbore_chev_no_19_587,183.01296127297132
wellbore_chev_no_19_588,184.9828324804908
wellbore_chev_no_19_589,187.45755026613767
wellbore_chev_no_19_590,183.9009965429908
wellbore_chev_no_19_591,182.66574538808163
wellbore_chev_no_19_592,186.86182930054122
wellbore_chev_no_19_593,188.43012153686936
wellbore_chev_no_19_594,189.77155830444747
wellbore_chev_no_19_595,181.9164469421907
wellbore_chev_no_19_596,184.58069432965777
wellbore_chev_no_19_597,188.84369946882026
wellbore_chev_no_19_598,190.91314938120163
wellbore_chev_no_19_599,184.69252705453914
wellbore_chev_no_19_600,183.03558621792234
wellbore_chev_no_19_601,184.0244972693829
wellbore_chev_no_19_602,184.73920674203916
wellbore_chev_no_19_603,186.78031857065474
wellbore_chev_no_19_604,145.30968232720866
wellbore_chev_no_19_605,186.2982892126369
wellbore_chev_no_19_606,190.39589934760212
wellbore_chev_no_19_607,191.879853205024
wellbore_chev_no_19_608,185.52390524233465
wellbore_chev_no_19_609,183.90877279044093
wellbore_chev_no_19_610,184.9625904447517
wellbore_chev_no_19_611,188.18786520927506
wellbore_chev_no_19_612,189.97028342746557
wellbore_chev_no_19_613,182.38403622608405
wellbore_chev_no_19_614,183.9946386620475
wellbore_chev_no_19_615,186.18951286159802
wellbore_chev_no_19_616,187.12842121475273
wellbore_chev_no_19_617,181.83950050643392
wellbore_chev_no_19_618,182.32577369979327
wellbore_chev_no_19_619,185.32218661460414
wellbore_chev_no_19_620,187.42440500499788
wellbore_chev_no_19_621,188.20138438071973
wellbore_chev_no_19_622,181.771926573185
wellbore_chev_no_19_623,183.5629415843489
wellbore_chev_no_19_624,184.48914942774783
wellbore_chev_no_19_625,187.4757872449987
wellbore_chev_no_19_626,177.64392147311153
wellbore_chev_no_19_627,178.9898510708368
wellbore_chev_no_19_628,180.7906079067743
wellbore_chev_no_19_629,181.47741934885988
wellbore_chev_no_19_630,151.84498455249175
wellbore_chev_no_19_631,176.16898051974647
wellbore_chev_no_19_632,175.95233093082805
wellbore_chev_no_19_633,181.82210097408702
wellbore_chev_no_19_634,183.85782058418388
wellbore_chev_no_19_635,178.4904148102558
wellbore_chev_no_19_636,180.66919590364157
wellbore_chev_no_19_637,182.83188039070546
wellbore_chev_no_19_638,182.46381687722328
wellbore_chev_no_19_639,178.4468127826509
wellbore_chev_no_19_640,178.05815311468217
wellbore_chev_no_19_641,178.2828174213228
wellbore_chev_no_19_642,178.70619503884205
wellbore_chev_no_19_643,146.12008895173062
wellbore_chev_no_19_644,70.540969009228
wellbore_chev_no_19_645,73.77022311524075
wellbore_chev_no_19_646,75.83554409542356
wellbore_chev_no_19_647,91.80689760162886
wellbore_chev_no_19_648,92.33350776542557
wellbore_chev_no_19_649,87.74071887782252
wellbore_chev_no_19_650,78.69621091087218
wellbore_chev_no_19_651,76.84095781523935
wellbore_chev_no_19_652,71.29982004420083
wellbore_chev_no_19_653,78.13154542003002
wellbore_chev_no_19_654,60.2745954205286
wellbore_chev_no_19_655,59.1486498625414
wellbore_chev_no_19_656,60.35330214614538
wellbore_chev_no_19_657,66.6360423881119
wellbore_chev_no_19_658,59.4466982634203
wellbore_chev_no_19_659,61.600093416132225
wellbore_chev_no_19_660,65.75615373013748
wellbore_chev_no_19_661,63.418329927440425
wellbore_chev_no_19_662,63.08814499091699
wellbore_chev_no_19_663,62.87837326240136
wellbore_chev_no_19_664,63.31132919501855
wellbore_chev_no_19_665,63.580752107616206
wellbore_chev_no_19_666,63.69143783759667
wellbore_chev_no_19_667,63.870974275584956
wellbore_chev_no_19_668,63.69931137275292
wellbore_chev_no_19_669,63.915610811229485
wellbore_chev_no_19_670,64.18559677314354
wellbore_chev_no_19_671,64.13427078437402
wellbore_chev_no_19_672,64.6054037202909
wellbore_chev_no_19_673,64.77809237950143
wellbore_chev_no_19_674,67.07741235941319
wellbore_chev_no_19_675,65.20299154839302
wellbore_chev_no_19_676,63.90970652582692
wellbore_chev_no_19_677,65.32171522284156
wellbore_chev_no_19_678,70.91452762223847
wellbore_chev_no_19_679,77.71593313293886
wellbore_chev_no_19_680,77.71279075476014
wellbore_chev_no_19_681,80.21421527412278
wellbore_chev_no_19_682,73.76988334054485
wellbore_chev_no_19_683,86.95157251302709
wellbore_chev_no_19_684,81.90645779581448
wellbore_chev_no_19_685,82.10494880047155
wellbore_chev_no_19_686,78.02164252420147
wellbore_chev_no_19_687,69.08170384396651
wellbore_chev_no_19_688,70.3481414124474
wellbore_chev_no_19_689,74.65632932313795
wellbore_chev_no_19_690,79.14557505025465
wellbore_chev_no_19_691,77.7253354506086
wellbore_chev_no_19_692,85.12870152031108
wellbore_chev_no_19_693,84.50614529005003
wellbore_chev_no_19_694,84.65978658176496
wellbore_chev_no_19_695,73.95959641707287
wellbore_chev_no_19_696,74.82824558304335
wellbore_chev_no_19_697,79.41060372383662
wellbore_chev_no_19_698,93.95221086337642
wellbore_chev_no_19_699,84.47815550555626
wellbore_chev_no_19_700,76.06125962847361
wellbore_chev_no_19_701,80.43718488245509
wellbore_chev_no_19_702,84.54358824481406
wellbore_chev_no_19_703,84.93828397670124
wellbore_chev_no_19_704,77.993324190782
wellbore_chev_no_19_705,79.0767354633217
wellbore_chev_no_19_706,79.06873375433732
wellbore_chev_no_19_707,89.13293491099796
wellbore_chev_no_19_708,89.2384440209334
wellbore_chev_no_19_709,84.56381834735313
wellbore_chev_no_19_710,88.6206119071779
wellbore_chev_no_19_711,88.65766024702165
wellbore_chev_no_19_712,93.97298600706674
wellbore_chev_no_19_713,84.76610543041454
wellbore_chev_no_19_714,91.85643421175106
wellbore_chev_no_19_715,93.20074296812703
wellbore_chev_no_19_716,100.61178036842406
wellbore_chev_no_19_717,99.45489255104125
wellbore_chev_no_19_718,94.23396203899996
wellbore_chev_no_19_719,90.2822851118571
wellbore_chev_no_19_720,100.81000522342015
wellbore_chev_no_19_721,101.64758671208524
wellbore_chev_no_19_722,100.13222852590178
wellbore_chev_no_19_723,86.64356225507723
wellbore_chev_no_19_724,86.64305871503817
wellbore_chev_no_19_725,86.75668176191317
wellbore_chev_no_19_726,86.59455396924693
wellbore_chev_no_19_727,86.63743854575753
wellbore_chev_no_19_728,78.30136734147828
wellbore_chev_no_19_729,71.88916429949586
wellbore_chev_no_19_730,68.33369073488329
wellbore_chev_no_19_731,68.90788597177041
wellbore_chev_no_19_732,69.4050005347587
wellbore_chev_no_19_733,69.10721922828023
wellbore_chev_no_19_734,81.0437328102347
wellbore_chev_no_19_735,79.82933805981517
wellbore_chev_no_19_736,70.50483489734225
wellbore_chev_no_19_737,81.53532315567966
wellbore_chev_no_19_738,80.95202237442966
wellbore_chev_no_19_739,79.24756146421886
wellbore_chev_no_19_740,76.8183754949447
wellbore_chev_no_19_741,81.95715296714728
wellbore_chev_no_19_742,87.41816429811449
wellbore_chev_no_19_743,83.23124634584659
wellbore_chev_no_19_744,83.76880040879666
wellbore_chev_no_19_745,82.76643217210696
wellbore_chev_no_19_746,82.6604956944754
wellbore_chev_no_19_747,83.4050192502794
wellbore_chev_no_19_748,83.11623163724838
wellbore_chev_no_19_749,75.52290333764597
wellbore_chev_no_19_750,70.0172572065458
wellbore_chev_no_19_751,72.11549015344286
wellbore_chev_no_19_752,72.71907725993617
wellbore_chev_no_19_753,76.09292108076914
wellbore_chev_no_19_754,81.58039143291009
wellbore_chev_no_19_755,83.04186496323922
wellbore_chev_no_19_756,83.39013519647992
wellbore_chev_no_19_757,83.532863666299
wellbore_chev_no_19_758,82.81911070699923
wellbore_chev_no_19_759,83.72233373616493
wellbore_chev_no_19_760,83.91441760803559
wellbore_chev_no_19_761,88.1799726692457
wellbore_chev_no_19_762,81.22358829157926
wellbore_chev_no_19_763,82.62288315574668
wellbore_chev_no_19_764,82.63421433250448
wellbore_chev_no_19_765,83.06034101105769
wellbore_chev_no_19_766,80.85100428782535
wellbore_chev_no_19_767,68.40423764677038
wellbore_chev_no_19_768,79.69423298405947
wellbore_chev_no_19_769,81.60215194114996
wellbore_chev_no_19_770,72.81680363698462
wellbore_chev_no_19_771,70.48763762536362
wellbore_chev_no_19_772,72.03723564400522
wellbore_chev_no_19_773,73.10875527933206
wellbore_chev_no_19_774,66.62169911669858
wellbore_chev_no_19_775,65.38049835329365
wellbore_chev_no_19_776,66.57755225915878
wellbore_chev_no_19_777,66.76814259308699
wellbore_chev_no_19_778,72.55530617511508
wellbore_chev_no_19_779,72.56130593097444
wellbore_chev_no_19_780,65.8680628182408
wellbore_chev_no_19_781,71.96963493156696
wellbore_chev_no_19_782,73.56143077045985
wellbore_chev_no_19_783,74.12581836722859
wellbore_chev_no_19_784,73.37996030629802
wellbore_chev_no_19_785,65.77585188580511
wellbore_chev_no_19_786,66.23812871924267
wellbore_chev_no_19_787,73.11105934934453
wellbore_chev_no_19_788,74.25696810117677
wellbore_chev_no_19_789,72.61660665762528
wellbore_chev_no_19_790,64.98004018670495
wellbore_chev_no_19_791,68.91996667452784
wellbore_chev_no_19_792,71.02997638425256
wellbore_chev_no_19_793,73.57182354057869
wellbore_chev_no_19_794,71.9652247735186
wellbore_chev_no_19_795,65.87489819110272
wellbore_chev_no_19_796,66.62762172365959
wellbore_chev_no_19_797,65.04250902332467
wellbore_chev_no_19_798,67.10414456780877
wellbore_chev_no_19_799,78.82012328289034
wellbore_chev_no_19_800,77.26407245363103
wellbore_chev_no_19_801,77.36794593310206
wellbore_chev_no_19_802,66.71714366008052
wellbore_chev_no_19_803,69.6430395764992
wellbore_chev_no_19_804,69.15831106495074
wellbore_chev_no_19_805,59.76065278035637
wellbore_chev_no_19_806,59.86510798836904
wellbore_chev_no_19_807,61.55859733632406
wellbore_chev_no_19_808,61.360917408665436
wellbore_chev_no_19_809,61.52701848288419
wellbore_chev_no_19_810,64.46729238819293
wellbore_chev_no_19_811,60.33864555247483
wellbore_chev_no_19_812,66.72640939907234
wellbore_chev_no_19_813,68.05391648758089
wellbore_chev_no_19_814,64.84788411259251
wellbore_chev_no_19_815,60.51266210752663
wellbore_chev_no_19_816,59.193988617704676
wellbore_chev_no_19_817,59.27533932571249
wellbore_chev_no_7_277,42.97925157833491
wellbore_chev_no_7_278,41.74953853224315
wellbore_chev_no_7_279,44.81890909908504
wellbore_chev_no_7_280,50.68984009442887
wellbore_chev_no_7_281,41.8101823005537
wellbore_chev_no_7_282,44.61730757170368
wellbore_chev_no_7_283,50.371268398840165
wellbore_chev_no_7_284,47.50579791935644
wellbore_chev_no_7_285,50.001594210899334
wellbore_chev_no_7_286,47.803210834583446
wellbore_chev_no_7_287,47.42749871012107
wellbore_chev_no_7_288,47.3616099569035
wellbore_chev_no_7_289,47.433295747919125
wellbore_chev_no_7_290,47.53619415490155
wellbore_chev_no_7_291,47.582536623163264
wellbore_chev_no_7_292,48.30869420783703
wellbore_chev_no_7_293,48.460824425663915
wellbore_chev_no_7_294,47.592285554369056
wellbore_chev_no_7_295,49.61171694409893
wellbore_chev_no_7_296,50.69192485914508
wellbore_chev_no_7_297,50.63441295728961
wellbore_chev_no_7_298,50.22302703570526
wellbore_chev_no_7_299,50.11708175582888
wellbore_chev_no_7_300,49.28715059112534
wellbore_chev_no_7_301,49.38312990020737
wellbore_chev_no_7_302,49.40300371002182
wellbore_chev_no_7_303,49.164907854308936
wellbore_chev_no_7_304,49.46025392364487
wellbore_chev_no_7_305,51.00370782846026
wellbore_chev_no_7_306,51.73925301005189
wellbore_chev_no_7_307,51.067589332718626
wellbore_chev_no_7_308,49.281660478820655
wellbore_chev_no_7_309,48.730339298686744
wellbore_chev_no_7_310,48.19796215937437
wellbore_chev_no_7_311,48.21394268915952
wellbore_chev_no_7_312,48.144029969432964
wellbore_chev_no_7_313,51.62333046366517
wellbore_chev_no_7_314,44.97219278083163
wellbore_chev_no_7_315,49.35327684234604
wellbore_chev_no_7_316,49.57223512481674
wellbore_chev_no_7_317,49.36752931426987
wellbore_chev_no_7_318,50.02115728613991
wellbore_chev_no_7_319,50.013182280036396
wellbore_chev_no_7_320,50.26970316724191
wellbore_chev_no_7_321,50.300109756018514
wellbore_chev_no_7_322,48.31001726985558
wellbore_chev_no_7_323,48.85917491835548
wellbore_chev_no_7_324,48.29123064876183
wellbore_chev_no_7_325,50.92352112058115
wellbore_chev_no_7_326,48.445996033197574
wellbore_chev_no_7_327,48.40978540087335
wellbore_chev_no_7_328,48.60374109639395
wellbore_chev_no_7_329,49.123446574329364
wellbore_chev_no_7_330,51.41884174996281
wellbore_chev_no_7_331,49.696346733955465
wellbore_chev_no_7_332,49.750214074043356
wellbore_chev_no_7_333,49.72066848078163
wellbore_chev_no_7_334,51.942903345997244
wellbore_chev_no_7_335,49.78401915827187
wellbore_chev_no_7_336,50.24986765516278
wellbore_chev_no_7_337,50.38648219611832
wellbore_chev_no_7_338,50.16413500077298
wellbore_chev_no_7_339,52.00025197880974
wellbore_chev_no_7_340,50.43624147037882
wellbore_chev_no_7_341,45.57117032445723
wellbore_chev_no_7_342,48.74539390486447
wellbore_chev_no_7_343,49.91068236627968
wellbore_chev_no_7_344,48.91640807106626
wellbore_chev_no_7_345,49.71869866195227
wellbore_chev_no_7_346,51.587808668001244
wellbore_chev_no_7_347,48.77746221770069
wellbore_chev_no_7_348,50.198932056818215
wellbore_chev_no_7_349,50.519743718176876
wellbore_chev_no_7_350,50.35316312204767
wellbore_chev_no_7_354,46.820163316262665
wellbore_chev_no_7_355,48.14117052386664
wellbore_chev_no_7_356,45.85216628680398
wellbore_chev_no_7_357,43.78452594222249
wellbore_chev_no_7_358,43.690925450322005
wellbore_chev_no_7_359,56.33258140489696
wellbore_chev_no_7_360,55.22007991896818
wellbore_chev_no_7_361,54.8403387175628
wellbore_chev_no_7_362,56.10703325884079
wellbore_chev_no_7_363,55.77690852242955
wellbore_chev_no_7_364,60.855596034588714
wellbore_chev_no_7_365,56.0634773379807
wellbore_chev_no_7_366,56.86540026987626
wellbore_chev_no_7_367,56.85410724009111
wellbore_chev_no_7_368,56.87080645884111
wellbore_chev_no_7_369,56.825576100959374
wellbore_chev_no_7_370,56.431739144121536
wellbore_chev_no_7_371,56.66859513131524
wellbore_chev_no_7_372,56.550203712858206
wellbore_chev_no_7_373,56.466408638750444
wellbore_chev_no_7_374,56.920181070160325
wellbore_chev_no_7_375,57.12787302572673
wellbore_chev_no_7_376,57.158295999359545
wellbore_chev_no_7_377,57.01605661947673
wellbore_chev_no_7_378,57.020800576996265
wellbore_chev_no_7_379,56.54342936117595
wellbore_chev_no_7_380,56.70440500814861
wellbore_chev_no_7_381,56.6648282869572
wellbore_chev_no_7_382,56.58990763266033
wellbore_chev_no_7_383,56.58063028891033
wellbore_chev_no_7_390,67.89067232827438
wellbore_chev_no_7_391,68.10759498337568
wellbore_chev_no_7_392,65.86722667750519
wellbore_chev_no_7_393,66.92705847495796
wellbore_chev_no_7_394,66.5648572573727
wellbore_chev_no_7_395,66.22367049806348
wellbore_chev_no_7_396,61.71191760158831
wellbore_chev_no_7_397,61.66862536526018
wellbore_chev_no_7_398,60.189154768202116
wellbore_chev_no_7_399,60.13387980482321
wellbore_chev_no_7_400,60.08871370336723
wellbore_chev_no_7_401,59.66090561521973
wellbore_chev_no_7_402,59.78861617890982
wellbore_chev_no_7_403,59.65535872680794
wellbore_chev_no_7_404,60.0057917215837
wellbore_chev_no_7_405,60.074315397330224
wellbore_chev_no_7_406,62.05573805611246
wellbore_chev_no_7_407,62.598833233952845
wellbore_chev_no_7_408,62.351753766179414
wellbore_chev_no_7_409,60.63615254688463
wellbore_chev_no_7_410,59.98050835676265
wellbore_chev_no_7_411,60.506761802944936
wellbore_chev_no_7_412,60.523525108609
wellbore_chev_no_7_413,60.50818849972228
wellbore_chev_no_7_414,59.17900410825797
wellbore_chev_no_7_415,59.07318898374625
wellbore_chev_no_7_416,57.79905318299843
wellbore_chev_no_7_417,58.170895570492064
wellbore_chev_no_7_418,58.06014575359753
wellbore_chev_no_7_419,58.17189341980366
wellbore_chev_no_7_420,58.162288012088815
wellbore_chev_no_7_421,57.38513354656628
wellbore_chev_no_7_422,57.39866656658582
wellbore_chev_no_7_423,61.175671944737005
wellbore_chev_no_7_424,91.60543152613909
wellbore_chev_no_7_425,89.60235184830626
wellbore_chev_no_7_426,79.18175858635485
wellbore_chev_no_7_427,81.33025784880365
wellbore_chev_no_7_428,73.39745356019412
wellbore_chev_no_7_429,80.73606642198348
wellbore_chev_no_7_430,80.68911970567487
wellbore_chev_no_7_431,80.89526289415144
wellbore_chev_no_7_432,70.68347285553122
wellbore_chev_no_7_433,72.2430913707029
wellbore_chev_no_7_434,71.32072631200825
wellbore_chev_no_7_435,70.76370421728168
wellbore_chev_no_7_436,66.81855187786599
wellbore_chev_no_7_437,63.957257125289054
wellbore_chev_no_7_438,64.27654317743908
wellbore_chev_no_7_439,66.61202119515201
wellbore_chev_no_7_440,65.07060978813038
wellbore_chev_no_7_441,60.72870476723917
wellbore_chev_no_7_442,61.95003545997301
wellbore_chev_no_7_443,61.998961031009316
wellbore_chev_no_7_444,61.35015335424378
wellbore_chev_no_7_445,60.02785372840448
wellbore_chev_no_7_446,59.985762358775574
wellbore_chev_no_7_447,59.91745181190057
wellbore_chev_no_7_448,70.67401415191941
wellbore_chev_no_7_449,80.30960748848901
wellbore_chev_no_7_450,67.41955700563267
wellbore_chev_no_7_451,71.8230088335919
wellbore_chev_no_7_452,72.79395910423872
wellbore_chev_no_7_453,72.95172831008318
wellbore_chev_no_7_454,69.92817968664708
wellbore_chev_no_7_455,72.98750599599686
wellbore_chev_no_7_456,72.91700276113357
wellbore_chev_no_7_457,72.8579329369148
wellbore_chev_no_7_458,72.735029494532
wellbore_chev_no_7_459,68.92886957800982
wellbore_chev_no_7_460,70.42829030368526
wellbore_chev_no_7_461,71.01388448093135
wellbore_chev_no_7_462,70.1982716879626
wellbore_chev_no_7_463,64.51837351953654
wellbore_chev_no_7_464,62.729097391761606
wellbore_chev_no_7_465,61.47799494396604
wellbore_chev_no_7_466,61.5440502418176
wellbore_chev_no_7_467,61.570034945905114
wellbore_chev_no_7_468,61.31690842002621
wellbore_chev_no_7_469,61.37505508750668
wellbore_chev_no_7_470,61.26452804893246
wellbore_chev_no_7_471,60.11908999535878
wellbore_chev_no_7_472,58.922935192944436
wellbore_chev_no_7_473,58.95987519538585
wellbore_chev_no_7_474,58.56570512855532
wellbore_chev_no_7_475,58.829044812085066
wellbore_chev_no_7_476,58.722584240796
wellbore_chev_no_7_477,58.20347014841224
wellbore_chev_no_7_478,58.3758990424552
wellbore_chev_no_7_479,58.3321978705802
wellbore_chev_no_7_480,58.004803766576295
wellbore_chev_no_7_481,58.00591613229895
wellbore_chev_no_7_483,85.19969168674842
wellbore_chev_no_7_484,79.02472468798149
wellbore_chev_no_7_485,70.24663721263705
wellbore_chev_no_7_486,79.18308177205185
wellbore_chev_no_7_487,78.81218348925103
wellbore_chev_no_7_488,76.7092547941503
wellbore_chev_no_7_489,78.1117866076963
wellbore_chev_no_7_490,69.21547143427864
wellbore_chev_no_7_491,70.81368154987284
wellbore_chev_no_7_492,71.93360428414798
wellbore_chev_no_7_493,71.64538254342531
wellbore_chev_no_7_494,70.61163834769576
wellbore_chev_no_7_495,77.94940402047986
wellbore_chev_no_7_496,78.92208343813974
wellbore_chev_no_7_497,79.19594513247569
wellbore_chev_no_7_498,78.94808594058115
wellbore_chev_no_7_499,69.62104081351606
wellbore_chev_no_7_500,76.81435000436659
wellbore_chev_no_7_501,90.94878278598758
wellbore_chev_no_7_502,91.64569152113349
wellbore_chev_no_7_503,89.63750574206341
wellbore_chev_no_7_504,89.48389551257122
wellbore_chev_no_7_505,89.07298853014936
wellbore_chev_no_7_506,88.8880352220439
wellbore_chev_no_7_507,88.11246301745405
wellbore_chev_no_7_508,77.6543985016163
wellbore_chev_no_7_509,85.1252258755313
wellbore_chev_no_7_510,85.21533415633553
wellbore_chev_no_7_511,82.22912996097939
wellbore_chev_no_7_512,78.21792730288927
wellbore_chev_no_7_513,71.98893388086576
wellbore_chev_no_7_514,78.65538177808784
wellbore_chev_no_7_515,78.71331634840034
wellbore_chev_no_7_516,76.94900335269395
wellbore_chev_no_7_517,68.83740257715607
wellbore_chev_no_7_518,68.23353804177279
wellbore_chev_no_7_519,73.2889622553879
wellbore_chev_no_7_520,64.84606143818135
wellbore_chev_no_7_521,73.11930717909712
wellbore_chev_no_7_522,70.90092452347432
wellbore_chev_no_7_523,82.68741007653767
wellbore_chev_no_7_524,82.09391554826814
wellbore_chev_no_7_525,83.14144356536349
wellbore_chev_no_7_526,89.12497521234681
wellbore_chev_no_7_527,88.452772948849
wellbore_chev_no_7_528,86.31664238929986
wellbore_chev_no_7_529,87.6257803609157
wellbore_chev_no_7_530,68.70928610956233
wellbore_chev_no_7_531,57.31079904992895
wellbore_chev_no_7_532,58.910667180834665
wellbore_chev_no_7_533,58.706250928493795
wellbore_chev_no_7_534,57.73115810047149
wellbore_chev_no_7_535,57.4061222310813
wellbore_chev_no_7_536,57.53903051590437
wellbore_chev_no_7_537,58.900282048998726
wellbore_chev_no_7_538,58.135415428868015
wellbore_chev_no_7_539,57.65233923172468
wellbore_chev_no_7_540,57.60667730545515
wellbore_chev_no_7_541,57.60641027664656
wellbore_chev_no_7_542,57.49795843338484
wellbore_chev_no_7_543,58.93564429265107
wellbore_chev_no_7_544,57.591671812291096
wellbore_chev_no_7_545,58.61031017874677
wellbore_chev_no_7_546,57.125443686182386
wellbore_chev_no_7_547,57.54072997658849
wellbore_chev_no_7_548,56.803340858429245
wellbore_chev_no_7_549,58.41217596472038
wellbore_chev_no_7_550,50.67486051660391
wellbore_chev_no_7_551,59.88021640220578
wellbore_chev_no_7_552,59.58411493975696
wellbore_chev_no_7_553,64.99020398374451
wellbore_chev_no_7_554,68.04279830821336
wellbore_chev_no_7_555,69.01733596690477
wellbore_chev_no_7_556,68.14776962168993
wellbore_chev_no_7_557,65.47928725022078
wellbore_chev_no_7_558,68.09697921641649
wellbore_chev_no_7_559,67.86179855235399
wellbore_chev_no_7_560,67.33424679284846
wellbore_chev_no_7_561,66.29233072597697
wellbore_chev_no_7_562,68.71071065490048
wellbore_chev_no_7_563,69.14398397776995
wellbore_chev_no_7_564,68.9312133594904
wellbore_chev_no_7_565,68.4962849957208
wellbore_chev_no_7_566,57.89264415404517
wellbore_chev_no_7_567,79.55276443673552
wellbore_chev_no_7_568,64.80618975961895
wellbore_chev_no_7_569,64.84956744516583
wellbore_chev_no_7_570,57.81728461850663
wellbore_chev_no_7_571,58.450543093650644
wellbore_chev_no_7_572,57.795171581397256
wellbore_chev_no_7_573,57.82540839780351
wellbore_chev_no_7_574,71.04702619744334
wellbore_chev_no_7_575,73.2248025658239
wellbore_chev_no_7_576,73.73572413252086
wellbore_chev_no_7_577,73.42113362586133
wellbore_chev_no_7_578,73.40690785681836
wellbore_chev_no_7_579,73.52568973328925
wellbore_chev_no_7_580,73.63566250705162
wellbore_chev_no_7_581,78.64601589314759
wellbore_chev_no_7_582,78.94311975250974
wellbore_chev_no_7_583,74.42539133138915
wellbore_chev_no_7_584,81.8355577577023
wellbore_chev_no_7_585,83.19079915174528
wellbore_chev_no_7_586,83.63860798963591
wellbore_chev_no_7_587,83.35544301160857
wellbore_chev_no_7_588,79.45368646393553
wellbore_chev_no_7_589,85.14574605115934
wellbore_chev_no_7_590,90.04415090076489
wellbore_chev_no_7_591,91.82782954981721
wellbore_chev_no_7_592,87.20479752348261
wellbore_chev_no_7_593,88.52938786117116
wellbore_chev_no_7_594,87.17836199333024
wellbore_chev_no_7_595,86.93988069978408
wellbore_chev_no_7_596,87.64060917464772
wellbore_chev_no_7_597,78.9791775414141
wellbore_chev_no_7_598,78.75415798299134
wellbore_chev_no_7_599,79.78021381565586
wellbore_chev_no_7_600,79.15993798981442
wellbore_chev_no_7_601,77.8592444446972
wellbore_chev_no_7_602,80.97783878613538
wellbore_chev_no_7_603,81.9949820356471
wellbore_chev_no_7_604,82.02255619336194
wellbore_chev_no_7_605,81.49921482373303
wellbore_chev_no_7_606,78.84101556549803
wellbore_chev_no_7_607,86.14198870907774
wellbore_chev_no_7_608,86.86664455491206
wellbore_chev_no_7_609,86.57520778733394
wellbore_chev_no_7_610,82.20518058291049
wellbore_chev_no_7_611,86.08890441298702
wellbore_chev_no_7_612,86.73517330247066
wellbore_chev_no_7_613,86.48112514573238
wellbore_chev_no_7_614,83.73417164732213
wellbore_chev_no_7_615,82.80741292127652
wellbore_chev_no_7_616,86.15085285376092
wellbore_chev_no_7_617,86.02789447973748
wellbore_chev_no_7_618,85.52585895727654
wellbore_chev_no_7_619,82.21361561903043
wellbore_chev_no_7_620,86.48654926489374
wellbore_chev_no_7_621,85.4709410495617
wellbore_chev_no_7_622,83.84056416639372
wellbore_chev_no_7_623,81.79125166315954
wellbore_chev_no_7_624,82.52873945612829
wellbore_chev_no_7_625,84.16384450086638
wellbore_chev_no_7_626,84.44526234754606
wellbore_chev_no_7_627,84.32012044080778
wellbore_chev_no_7_628,80.98284559626501
wellbore_chev_no_7_629,87.60031949061087
wellbore_chev_no_7_630,87.84724942225151
wellbore_chev_no_7_631,87.63483487147025
wellbore_chev_no_7_632,85.77121961078066
wellbore_chev_no_7_633,88.21949455704794
wellbore_chev_no_7_634,89.92395192761441
wellbore_chev_no_7_635,89.89402639050505
wellbore_chev_no_7_636,89.52117482800504
wellbore_chev_no_7_637,81.94903211970251
wellbore_chev_no_7_638,91.06939870495818
wellbore_chev_no_7_639,91.03125478405974
wellbore_chev_no_7_640,91.01155568738005
wellbore_chev_no_7_641,85.83045185278436
wellbore_chev_no_7_642,90.10298024792692
wellbore_chev_no_7_643,90.20404225964566
wellbore_chev_no_7_644,88.50479423966513
wellbore_chev_no_7_645,89.7539507069113
wellbore_chev_no_7_646,80.62930012830779
wellbore_chev_no_7_647,82.87464924940153
wellbore_chev_no_7_648,79.05650323639645
wellbore_chev_no_7_649,64.57795423598023
wellbore_chev_no_7_650,62.94076878515982
wellbore_chev_no_7_651,60.849362271742976
wellbore_chev_no_7_652,60.769032376723445
wellbore_chev_no_7_653,58.476462188722664
wellbore_chev_no_7_654,59.55091784791029
wellbore_chev_no_7_655,65.0040556211404
wellbore_chev_no_7_656,68.51028171688776
wellbore_chev_no_7_657,68.60709720761042
wellbore_chev_no_7_658,67.00623870090632
wellbore_chev_no_7_659,66.99977535519547
wellbore_chev_no_7_660,66.67025139494216
wellbore_chev_no_7_661,67.02155585505817
wellbore_chev_no_7_662,72.69604091411496
wellbore_chev_no_7_663,73.76758914929732
wellbore_chev_no_7_664,73.88965183240279
wellbore_chev_no_7_665,77.90864144284863
wellbore_chev_no_7_666,75.0745301676252
wellbore_chev_no_7_667,59.65424516391927
wellbore_chev_no_7_668,58.78674771753655
wellbore_chev_no_7_669,57.66770309022614
wellbore_chev_no_7_670,60.19897596852692
wellbore_chev_no_7_671,63.531197804081174
wellbore_chev_no_7_672,56.645591107625194
wellbore_chev_no_7_673,56.66689333765004
wellbore_chev_no_7_674,56.49761289717597
wellbore_chev_no_7_675,75.77145093883651
wellbore_chev_no_7_676,76.33051135459236
wellbore_chev_no_7_677,75.92395242763845
wellbore_chev_no_7_678,80.24839171207977
wellbore_chev_no_7_679,76.19095951697703
wellbore_chev_no_7_680,64.70179867855964
wellbore_chev_no_7_681,64.23933307315332
wellbore_chev_no_7_682,64.64907345883309
wellbore_chev_no_7_683,76.12746659706652
wellbore_chev_no_7_684,77.47370363817407
wellbore_chev_no_7_685,52.4545966766582
wellbore_chev_no_7_686,50.825946760638246
wellbore_chev_no_7_687,53.90166180938167
wellbore_chev_no_7_688,56.5028553374117
wellbore_chev_no_7_689,58.23929027393514
wellbore_chev_no_7_690,57.87663768604451
wellbore_chev_no_7_691,59.999696768075765
wellbore_chev_no_7_692,60.202917898446856
wellbore_chev_no_7_693,60.10835307911091
wellbore_chev_no_7_694,60.36714519336873
wellbore_chev_no_7_695,63.192698830384174
wellbore_chev_no_7_696,61.39898251466609
wellbore_chev_no_7_697,61.33620327882625
wellbore_chev_no_7_698,59.792592546591976
wellbore_chev_no_7_699,60.3232855694174
wellbore_chev_no_7_700,59.708057297933024
wellbore_chev_no_7_701,61.63478154109709
wellbore_chev_no_7_702,61.74029609883807
wellbore_chev_no_7_703,61.61951335743123
wellbore_chev_no_7_704,64.06337873107866
wellbore_chev_no_7_705,61.91510933478587
wellbore_chev_no_7_706,62.07868660529368
wellbore_chev_no_7_707,62.02265022834055
wellbore_chev_no_7_708,62.24413002570384
wellbore_chev_no_7_709,62.158633504707744
wellbore_chev_no_7_710,62.24521797736399
wellbore_chev_no_7_711,62.10463875373118
wellbore_chev_no_7_712,62.559078534195024
wellbore_chev_no_7_713,77.24143649536582
wellbore_chev_no_7_714,77.40302401977988
wellbore_chev_no_7_715,76.85772067505332
wellbore_chev_no_7_716,77.00821830261555
wellbore_chev_no_7_717,82.52509826017689
wellbore_chev_no_7_718,82.75050109220814
wellbore_chev_no_7_719,82.75806029630971
wellbore_chev_no_7_720,82.90574401213001
wellbore_chev_no_7_721,82.85607665373158
wellbore_chev_no_7_722,82.49801390959095
wellbore_chev_no_7_723,82.80462096525501
wellbore_chev_no_7_724,82.1465442978172
wellbore_chev_no_7_725,82.27483409273907
wellbore_chev_no_7_726,76.29179880655812
wellbore_chev_no_7_727,75.16445706755557
wellbore_chev_no_7_728,75.84236429923632
wellbore_chev_no_7_729,71.51206333867766
wellbore_chev_no_7_730,66.02797397910449
wellbore_chev_no_7_731,65.92175754844043
wellbore_chev_no_7_732,65.68317264853808
wellbore_chev_no_7_733,65.70470432578418
wellbore_chev_no_7_734,65.8095563230774
wellbore_chev_no_7_735,65.74366543481061
wellbore_chev_no_7_736,65.72448544812495
wellbore_chev_no_7_737,65.71424985242183
wellbore_chev_no_7_738,65.69998135876948
wellbore_chev_no_7_739,65.39421964001949
wellbore_chev_no_7_740,65.68573841866805
wellbore_chev_no_7_741,67.80791986330068
wellbore_chev_no_7_742,72.31485978404595
wellbore_chev_no_7_743,74.22762960758483
wellbore_chev_no_7_744,72.41830992420952
wellbore_chev_no_7_745,71.16650128393198
wellbore_chev_no_7_746,71.14947400121713
wellbore_chev_no_7_747,70.78228804029901
wellbore_chev_no_7_748,57.38105665602166
wellbore_chev_no_7_749,60.33551850041938
wellbore_chev_no_7_750,57.045665420670105
wellbore_chev_no_7_751,60.55228867253852
wellbore_chev_no_7_752,60.518279883476026
wellbore_chev_no_7_753,62.82863020748937
wellbore_chev_no_7_754,61.94720241520807
wellbore_chev_no_7_755,77.786924627883
wellbore_chev_no_7_756,71.69727639905882
wellbore_chev_no_7_757,72.21743157470063
wellbore_chev_no_7_758,71.89631993578615
wellbore_chev_no_7_759,68.76681536677904
wellbore_chev_no_7_760,68.75306719783373
wellbore_chev_no_7_761,68.76737689021655
wellbore_chev_no_7_762,68.48925494197437
wellbore_chev_no_7_763,68.27941087650453
wellbore_chev_no_7_764,69.29306230170842
wellbore_chev_no_7_765,64.24497732591868
wellbore_chev_no_7_766,60.65808977054749
wellbore_chev_no_7_767,62.78884665463325
wellbore_chev_no_7_768,63.99774143428115
wellbore_chev_no_7_769,66.35705034594098
wellbore_chev_no_7_770,64.33480218016938
wellbore_chev_no_7_771,62.78927695248481
wellbore_chev_no_7_772,54.96332200931702
wellbore_chev_no_7_773,63.74909972084984
wellbore_chev_no_7_774,56.73704153988715
wellbore_chev_no_7_775,55.92695802616272
wellbore_chev_no_7_776,55.59829017114872
wellbore_chev_no_7_777,55.852315764778005
wellbore_chev_no_7_778,54.785975677669384
wellbore_chev_no_7_779,64.11026598896854
wellbore_chev_no_7_780,57.27628151195045
wellbore_chev_no_7_781,57.63821643084321
wellbore_chev_no_7_782,57.54000611724547
wellbore_chev_no_7_783,58.05171243958894
wellbore_chev_no_7_784,58.37643930726472
